{
   "debug":true,
   "simulation":{
      "time":{
         "factor":2,
         "max dt":0.05
      },
     "organic entity" : {
       "transfer factor": 0.7,
       "wait after feeding" : 1
     },
       "food generator" : {
	   "delta" : 4
       },
      "food":{
         "texture":"food.png",
          "energy": 100,
	  "size" : 30
      },
      "animal":{
         "random walk low energy":false,
         "meal retention":0.7,
         "feed time":0.4,
	  "base consumption" : 0.1,
	  "min energy" : 20,
        "starving speed factor": 0.5,
        "running away amplification factor": 500,
        "running away distance ratio": 1.2,
         "reproduction":{
               "delivery time":10,
               "mating time":5
         },
        "gerbil":{
            "mass":1,
            "size":70,
            "longevity":70000,
	     "min age mating" : 3,
            "max speed":80,
            "reproduction":{
               "gestation time":15,
               "min children":1,
               "max children":2
            },
            "view":{
               "range":1.04719755,
               "distance":450
            },
            "random walk":{
               "jitter":2.0,
               "radius":50,
               "distance":160
            },
            "energy":{
               "initial":10000,
               "min mating male":450,
               "min mating female":800,
               "loss mating male":200,
               "loss female per child":100,
               "loss factor":0.001,
               "starving":40
            },
	    "wave" : {
		"frequency" : 0.3,
		"loss factor": 0
	    },
            "texture":{
               "male":"gerbil.png",
               "female":"gerbil_female.png"
            }
         },
         "scorpion":{
            "mass":0.7,
            "size":100,
             "longevity":80000,
	     "min age mating" : 0,
            "max speed":100,
            "rotation":{
               "speed":1.570796327,
               "angle precision":.125663706
            },
	     "neuronal texture": "scorpion.png",
            "score for action":50,
            "reproduction":{
               "gestation time":25,
		"min children":1,
               "max children":1
            },
            "view":{
               "range":6.283185307,
               "distance":300
            },
            "random walk":{
               "jitter":5,
               "radius":20,
               "distance":100
            },
            "energy":{
               "initial": 1000,
               "min mating male":450,
               "min mating female":800,
               "loss mating male":200,
               "loss female per child":100,
               "loss factor":0.001,
               "starving":40
            },
            "idle":{
               "min":5,
               "max":10,
               "probability":0.05
            },
             "texture":"scorpion.png",
	     "sensor radius" : 100
         },
        "dragon":{
          "mass":3,
          "size":150,
          "longevity":70000,
          "min age mating" : 360,
          "max speed":150,
          "reproduction":{
            "gestation time":15,
            "min children":1,
            "max children":2
          },
          "view":{
            "range":0.84719755,
            "distance":300
          },
          "random walk":{
            "jitter":2.0,
            "radius":50,
            "distance":160
          },
          "energy":{
            "initial":90000,
            "min mating male":450,
            "min mating female":800,
            "loss mating male":200,
            "loss female per child":100,
            "loss factor":0.001,
            "starving":40
          },
          "texture":{
            "d1":"dragon1.png",
            "d2":"dragon2.png",
            "d3":"dragon3.png",
            "d4":"dragon4.png"
          },"burn":{
            "distance": 160,
            "range": 0.5,
            "command": "./res/DracarysAndFire.wav",
            "fire": {
              "img1":"fire1.png",
              "img2":"fire2.png",
              "img3":"fire3.png",
              "img4":"fire4.png"
            }
          }
        }
      },
       "sensor" : {
	   "intensity threshold" : 0.7,
	   "inhibition" : {
	       "factor": 0.01,
	       "max"   : 1
	   },
	   "activation duration" : 0.4
       },
       "wave" : {
	   "intensity" : {
	       "thickness ratio" : 0.6,
	       "threshold" : 0.5
	   },
	   "on wave marging" : 30.0,
	   "default energy" : 10000.0,
	   "default radius" : 5.0,
	   "default MU" : 10000,
	   "default speed" : 800.0
       },
	       
      "world":{
         "size":1000,
         "texture":"ground3.png",
          "debug texture":"sand.png"
      }
   },
    "stats":{
	"refresh rate":1
    },
    "window":{
	"antialiasing level":4,
	"title":"INFOSV Simulation",
	"simulation":{
            "width":800,
            "height":800
	},
	"stats":{
            "width":100
	},
	"control":{
            "width":300
	}
    },
  "obstacles": {
    "rock": {
      "texture": "rock.png"
    }
  }    
}
